CardHolderName,CardNumber,CardType,City,Country,Email,Expiration,LastName,Name,PhoneNumber,UserName,ZipCode,State,Street,SecurityNumber,NormalizedEmail,NormalizedUserName,Password,TenantId
DemoUser,4012888888881881,1,Redmond,U.S.,demouser@microsoft.com,12/20,DemoLastName,DemoUser,1234567890,demouser@microsoft.com,98052,WA,15703 NE 61st Ct,535,DEMOUSER@MICROSOFT.COM,DEMOUSER@MICROSOFT.COM,Pass@word1,1
Espen Nordli,4012888888881882,1,Oslo,Norway,espent1004@gmail.com,12/20,Nordli,Espen,95791135,espent1004@gmail.com,0681,Oslo,Treskeveien 28A,535,ESPENT1004@GMAIL.COM,ESPENT1004@GMAIL.COM,Pass@word1,2
Tenant Alpha,4012888888881882,1,Oslo,Norway,tenanta@gmail.com,12/20,Alpha,Tenant,95791136,tenanta@gmail.com,0681,Oslo,Treskeveien 28A,535,TENANTA@GMAIL.COM,TENANTA@GMAIL.COM,Pass@word1,1
Tenant Beta,4012888888881882,1,Oslo,Norway,tenantb@gmail.com,12/20,Beta,Tenant,95791136,tenantb@gmail.com,0681,Oslo,Treskeveien 28A,535,TENANTB@GMAIL.COM,TENANTB@GMAIL.COM,Pass@word1,2